frame,obj_index,type,dist_m,method,yaw_deg,iou,valid
000001,0,Truck,69.458,corners3d,0.0,0.9379,1
000001,0,Truck,69.458,lidar_points,0.0,0.7958,1
000001,1,Car,60.828,corners3d,0.0,0.9806,1
000001,1,Car,60.828,lidar_points,0.0,0.0536,1
000001,2,Cyclist,46.088,corners3d,0.0,0.9599,1
000001,2,Cyclist,46.088,lidar_points,0.0,0.5903,1
000001,0,Truck,69.458,corners3d,0.5,0.6376,1
000001,0,Truck,69.458,lidar_points,0.5,0.5511,1
000001,1,Car,60.828,corners3d,0.5,0.677,1
000001,1,Car,60.828,lidar_points,0.5,0.0541,1
000001,2,Cyclist,46.088,corners3d,0.5,0.3149,1
000001,2,Cyclist,46.088,lidar_points,0.5,0.186,1
000001,0,Truck,69.458,corners3d,1.0,0.4018,1
000001,0,Truck,69.458,lidar_points,1.0,0.351,1
000001,1,Car,60.828,corners3d,1.0,0.4457,1
000001,1,Car,60.828,lidar_points,1.0,0.0198,1
000001,2,Cyclist,46.088,corners3d,1.0,0.0,1
000001,2,Cyclist,46.088,lidar_points,1.0,0.0,1
000001,0,Truck,69.458,corners3d,2.0,0.0899,1
000001,0,Truck,69.458,lidar_points,2.0,0.074,1
000001,1,Car,60.828,corners3d,2.0,0.136,1
000001,1,Car,60.828,lidar_points,2.0,0.0,1
000001,2,Cyclist,46.088,corners3d,2.0,0.0,1
000001,2,Cyclist,46.088,lidar_points,2.0,0.0,1
000001,0,Truck,69.458,corners3d,3.0,0.0,1
000001,0,Truck,69.458,lidar_points,3.0,0.0,1
000001,1,Car,60.828,corners3d,3.0,0.0,1
000001,1,Car,60.828,lidar_points,3.0,0.0,1
000001,2,Cyclist,46.088,corners3d,3.0,0.0,1
000001,2,Cyclist,46.088,lidar_points,3.0,0.0,1
000004,0,Car,41.416,corners3d,0.0,0.9801,1
000004,0,Car,41.416,lidar_points,0.0,0.5326,1
000004,1,Car,53.627,corners3d,0.0,0.9797,1
000004,1,Car,53.627,lidar_points,0.0,0.4023,1
000004,0,Car,41.416,corners3d,0.5,0.7818,1
000004,0,Car,41.416,lidar_points,0.5,0.5157,1
000004,1,Car,53.627,corners3d,0.5,0.7015,1
000004,1,Car,53.627,lidar_points,0.5,0.3483,1
000004,0,Car,41.416,corners3d,1.0,0.6151,1
000004,0,Car,41.416,lidar_points,1.0,0.4155,1
000004,1,Car,53.627,corners3d,1.0,0.4846,1
000004,1,Car,53.627,lidar_points,1.0,0.2548,1
000004,0,Car,41.416,corners3d,2.0,0.3606,1
000004,0,Car,41.416,lidar_points,2.0,0.2486,1
000004,1,Car,53.627,corners3d,2.0,0.1859,1
000004,1,Car,53.627,lidar_points,2.0,0.1006,1
000004,0,Car,41.416,corners3d,3.0,0.1772,1
000004,0,Car,41.416,lidar_points,3.0,0.1151,1
000004,1,Car,53.627,corners3d,3.0,0.0,1
000004,1,Car,53.627,lidar_points,3.0,0.0,1
000007,0,Car,25.077,corners3d,0.0,0.9667,1
000007,0,Car,25.077,lidar_points,0.0,0.8473,1
000007,1,Car,48.164,corners3d,0.0,0.972,1
000007,1,Car,48.164,lidar_points,0.0,0.3415,1
000007,2,Car,60.727,corners3d,0.0,0.9732,1
000007,2,Car,60.727,lidar_points,0.0,0.0051,1
000007,3,Cyclist,36.403,corners3d,0.0,0.9791,1
000007,3,Cyclist,36.403,lidar_points,0.0,0.5168,1
000007,0,Car,25.077,corners3d,0.5,0.7849,1
000007,0,Car,25.077,lidar_points,0.5,0.708,1
000007,1,Car,48.164,corners3d,0.5,0.645,1
000007,1,Car,48.164,lidar_points,0.5,0.2539,1
000007,2,Car,60.727,corners3d,0.5,0.5605,1
000007,2,Car,60.727,lidar_points,0.5,0.0031,1
000007,3,Cyclist,36.403,corners3d,0.5,0.5474,1
000007,3,Cyclist,36.403,lidar_points,0.5,0.4698,1
000007,0,Car,25.077,corners3d,1.0,0.6068,1
000007,0,Car,25.077,lidar_points,1.0,0.5496,1
000007,1,Car,48.164,corners3d,1.0,0.4031,1
000007,1,Car,48.164,lidar_points,1.0,0.1678,1
000007,2,Car,60.727,corners3d,1.0,0.2862,1
000007,2,Car,60.727,lidar_points,1.0,0.0006,1
000007,3,Cyclist,36.403,corners3d,1.0,0.264,1
000007,3,Cyclist,36.403,lidar_points,1.0,0.1766,1
000007,0,Car,25.077,corners3d,2.0,0.3406,1
000007,0,Car,25.077,lidar_points,2.0,0.3071,1
000007,1,Car,48.164,corners3d,2.0,0.0848,1
000007,1,Car,48.164,lidar_points,2.0,0.0259,1
000007,2,Car,60.727,corners3d,2.0,0.0,1
000007,2,Car,60.727,lidar_points,2.0,0.0,1
000007,3,Cyclist,36.403,corners3d,2.0,0.0,1
000007,3,Cyclist,36.403,lidar_points,2.0,0.0,1
000007,0,Car,25.077,corners3d,3.0,0.1513,1
000007,0,Car,25.077,lidar_points,3.0,0.13,1
000007,1,Car,48.164,corners3d,3.0,0.0,1
000007,1,Car,48.164,lidar_points,3.0,0.0,1
000007,2,Car,60.727,corners3d,3.0,0.0,1
000007,2,Car,60.727,lidar_points,3.0,0.0,1
000007,3,Cyclist,36.403,corners3d,3.0,0.0,1
000007,3,Cyclist,36.403,lidar_points,3.0,0.0,1
000008,0,Car,4.885,corners3d,0.0,0.0,0
000008,0,Car,4.885,lidar_points,0.0,0.8939,1
000008,1,Car,8.116,corners3d,0.0,0.9327,1
000008,1,Car,8.116,lidar_points,0.0,0.8761,1
000008,2,Car,7.418,corners3d,0.0,0.3762,1
000008,2,Car,7.418,lidar_points,0.0,0.8578,1
000008,3,Car,14.562,corners3d,0.0,0.974,1
000008,3,Car,14.562,lidar_points,0.0,0.8529,1
000008,4,Car,34.016,corners3d,0.0,0.9648,1
000008,4,Car,34.016,lidar_points,0.0,0.6893,1
000008,5,Car,21.757,corners3d,0.0,0.9711,1
000008,5,Car,21.757,lidar_points,0.0,0.7309,1
000008,0,Car,4.885,corners3d,0.5,0.0,0
000008,0,Car,4.885,lidar_points,0.5,0.8762,1
000008,1,Car,8.116,corners3d,0.5,0.8996,1
000008,1,Car,8.116,lidar_points,0.5,0.8809,1
000008,2,Car,7.418,corners3d,0.5,0.3495,1
000008,2,Car,7.418,lidar_points,0.5,0.8804,1
000008,3,Car,14.562,corners3d,0.5,0.8889,1
000008,3,Car,14.562,lidar_points,0.5,0.852,1
000008,4,Car,34.016,corners3d,0.5,0.7576,1
000008,4,Car,34.016,lidar_points,0.5,0.5992,1
000008,5,Car,21.757,corners3d,0.5,0.8079,1
000008,5,Car,21.757,lidar_points,0.5,0.6922,1
000008,0,Car,4.885,corners3d,1.0,0.0,0
000008,0,Car,4.885,lidar_points,1.0,0.8573,1
000008,1,Car,8.116,corners3d,1.0,0.8618,1
000008,1,Car,8.116,lidar_points,1.0,0.8859,1
000008,2,Car,7.418,corners3d,1.0,0.3195,1
000008,2,Car,7.418,lidar_points,1.0,0.8758,1
000008,3,Car,14.562,corners3d,1.0,0.7996,1
000008,3,Car,14.562,lidar_points,1.0,0.7701,1
000008,4,Car,34.016,corners3d,1.0,0.5775,1
000008,4,Car,34.016,lidar_points,1.0,0.4401,1
000008,5,Car,21.757,corners3d,1.0,0.6513,1
000008,5,Car,21.757,lidar_points,1.0,0.5546,1
000008,0,Car,4.885,corners3d,2.0,0.0,0
000008,0,Car,4.885,lidar_points,2.0,0.8232,1
000008,1,Car,8.116,corners3d,2.0,0.7901,1
000008,1,Car,8.116,lidar_points,2.0,0.8427,1
000008,2,Car,7.418,corners3d,2.0,0.6722,1
000008,2,Car,7.418,lidar_points,2.0,0.7753,1
000008,3,Car,14.562,corners3d,2.0,0.6444,1
000008,3,Car,14.562,lidar_points,2.0,0.6199,1
000008,4,Car,34.016,corners3d,2.0,0.3101,1
000008,4,Car,34.016,lidar_points,2.0,0.202,1
000008,5,Car,21.757,corners3d,2.0,0.407,1
000008,5,Car,21.757,lidar_points,2.0,0.3389,1
000008,0,Car,4.885,corners3d,3.0,0.0,0
000008,0,Car,4.885,lidar_points,3.0,0.7849,1
000008,1,Car,8.116,corners3d,3.0,0.7226,1
000008,1,Car,8.116,lidar_points,3.0,0.765,1
000008,2,Car,7.418,corners3d,3.0,0.5957,1
000008,2,Car,7.418,lidar_points,3.0,0.6852,1
000008,3,Car,14.562,corners3d,3.0,0.5141,1
000008,3,Car,14.562,lidar_points,3.0,0.4934,1
000008,4,Car,34.016,corners3d,3.0,0.1213,1
000008,4,Car,34.016,lidar_points,3.0,0.0323,1
000008,5,Car,21.757,corners3d,3.0,0.2243,1
000008,5,Car,21.757,lidar_points,3.0,0.1775,1
000009,0,Car,23.955,corners3d,0.0,0.9692,1
000009,0,Car,23.955,lidar_points,0.0,0.7892,1
000009,1,Car,66.396,corners3d,0.0,0.9805,1
000009,1,Car,66.396,lidar_points,0.0,0.1629,1
000009,2,Car,68.313,corners3d,0.0,0.9766,1
000009,2,Car,68.313,lidar_points,0.0,0.0,0
000009,0,Car,23.955,corners3d,0.5,0.7932,1
000009,0,Car,23.955,lidar_points,0.5,0.699,1
000009,1,Car,66.396,corners3d,0.5,0.5884,1
000009,1,Car,66.396,lidar_points,0.5,0.1455,1
000009,2,Car,68.313,corners3d,0.5,0.5701,1
000009,2,Car,68.313,lidar_points,0.5,0.0,0
000009,0,Car,23.955,corners3d,1.0,0.6285,1
000009,0,Car,23.955,lidar_points,1.0,0.559,1
000009,1,Car,66.396,corners3d,1.0,0.3185,1
000009,1,Car,66.396,lidar_points,1.0,0.0692,1
000009,2,Car,68.313,corners3d,1.0,0.2964,1
000009,2,Car,68.313,lidar_points,1.0,0.0,0
000009,0,Car,23.955,corners3d,2.0,0.3764,1
000009,0,Car,23.955,lidar_points,2.0,0.3385,1
000009,1,Car,66.396,corners3d,2.0,0.0,1
000009,1,Car,66.396,lidar_points,2.0,0.0,1
000009,2,Car,68.313,corners3d,2.0,0.0,1
000009,2,Car,68.313,lidar_points,2.0,0.0,0
000009,0,Car,23.955,corners3d,3.0,0.1928,1
000009,0,Car,23.955,lidar_points,3.0,0.1727,1
000009,1,Car,66.396,corners3d,3.0,0.0,1
000009,1,Car,66.396,lidar_points,3.0,0.0,1
000009,2,Car,68.313,corners3d,3.0,0.0,1
000009,2,Car,68.313,lidar_points,3.0,0.0,0
000010,0,Car,7.028,corners3d,0.0,0.7229,1
000010,0,Car,7.028,lidar_points,0.0,0.8565,1
000010,1,Car,12.154,corners3d,0.0,0.973,1
000010,1,Car,12.154,lidar_points,0.0,0.8141,1
000010,2,Pedestrian,24.99,corners3d,0.0,0.6919,1
000010,2,Pedestrian,24.99,lidar_points,0.0,0.2079,1
000010,3,Car,17.583,corners3d,0.0,0.9665,1
000010,3,Car,17.583,lidar_points,0.0,0.7662,1
000010,4,Car,23.152,corners3d,0.0,0.9658,1
000010,4,Car,23.152,lidar_points,0.0,0.5467,1
000010,5,Car,23.708,corners3d,0.0,0.9737,1
000010,5,Car,23.708,lidar_points,0.0,0.8163,1
000010,6,Car,29.129,corners3d,0.0,0.9702,1
000010,6,Car,29.129,lidar_points,0.0,0.5149,1
000010,7,Car,29.65,corners3d,0.0,0.9696,1
000010,7,Car,29.65,lidar_points,0.0,0.5076,1
000010,8,Car,43.123,corners3d,0.0,0.9732,1
000010,8,Car,43.123,lidar_points,0.0,0.5764,1
000010,0,Car,7.028,corners3d,0.5,0.6679,1
000010,0,Car,7.028,lidar_points,0.5,0.884,1
000010,1,Car,12.154,corners3d,0.5,0.914,1
000010,1,Car,12.154,lidar_points,0.5,0.82,1
000010,2,Pedestrian,24.99,corners3d,0.5,0.4437,1
000010,2,Pedestrian,24.99,lidar_points,0.5,0.1495,1
000010,3,Car,17.583,corners3d,0.5,0.8628,1
000010,3,Car,17.583,lidar_points,0.5,0.735,1
000010,4,Car,23.152,corners3d,0.5,0.8288,1
000010,4,Car,23.152,lidar_points,0.5,0.5215,1
000010,5,Car,23.708,corners3d,0.5,0.8353,1
000010,5,Car,23.708,lidar_points,0.5,0.8169,1
000010,6,Car,29.129,corners3d,0.5,0.782,1
000010,6,Car,29.129,lidar_points,0.5,0.5145,1
000010,7,Car,29.65,corners3d,0.5,0.7726,1
000010,7,Car,29.65,lidar_points,0.5,0.4215,1
000010,8,Car,43.123,corners3d,0.5,0.7368,1
000010,8,Car,43.123,lidar_points,0.5,0.5749,1
000010,0,Car,7.028,corners3d,1.0,0.6064,1
000010,0,Car,7.028,lidar_points,1.0,0.8564,1
000010,1,Car,12.154,corners3d,1.0,0.8507,1
000010,1,Car,12.154,lidar_points,1.0,0.826,1
000010,2,Pedestrian,24.99,corners3d,1.0,0.1924,1
000010,2,Pedestrian,24.99,lidar_points,1.0,0.0416,1
000010,3,Car,17.583,corners3d,1.0,0.7543,1
000010,3,Car,17.583,lidar_points,1.0,0.6402,1
000010,4,Car,23.152,corners3d,1.0,0.6923,1
000010,4,Car,23.152,lidar_points,1.0,0.4239,1
000010,5,Car,23.708,corners3d,1.0,0.7039,1
000010,5,Car,23.708,lidar_points,1.0,0.6918,1
000010,6,Car,29.129,corners3d,1.0,0.6115,1
000010,6,Car,29.129,lidar_points,1.0,0.5136,1
000010,7,Car,29.65,corners3d,1.0,0.5979,1
000010,7,Car,29.65,lidar_points,1.0,0.2916,1
000010,8,Car,43.123,corners3d,1.0,0.5387,1
000010,8,Car,43.123,lidar_points,1.0,0.4327,1
000010,0,Car,7.028,corners3d,2.0,0.7371,1
000010,0,Car,7.028,lidar_points,2.0,0.8067,1
000010,1,Car,12.154,corners3d,2.0,0.7362,1
000010,1,Car,12.154,lidar_points,2.0,0.7508,1
000010,2,Pedestrian,24.99,corners3d,2.0,0.0,1
000010,2,Pedestrian,24.99,lidar_points,2.0,0.0,1
000010,3,Car,17.583,corners3d,2.0,0.5689,1
000010,3,Car,17.583,lidar_points,2.0,0.4797,1
000010,4,Car,23.152,corners3d,2.0,0.4697,1
000010,4,Car,23.152,lidar_points,2.0,0.263,1
000010,5,Car,23.708,corners3d,2.0,0.4912,1
000010,5,Car,23.708,lidar_points,2.0,0.4781,1
000010,6,Car,29.129,corners3d,2.0,0.3538,1
000010,6,Car,29.129,lidar_points,2.0,0.4382,1
000010,7,Car,29.65,corners3d,2.0,0.335,1
000010,7,Car,29.65,lidar_points,2.0,0.0932,1
000010,8,Car,43.123,corners3d,2.0,0.2544,1
000010,8,Car,43.123,lidar_points,2.0,0.1877,1
000010,0,Car,7.028,corners3d,3.0,0.6226,1
000010,0,Car,7.028,lidar_points,3.0,0.7631,1
000010,1,Car,12.154,corners3d,3.0,0.6353,1
000010,1,Car,12.154,lidar_points,3.0,0.6459,1
000010,2,Pedestrian,24.99,corners3d,3.0,0.0,1
000010,2,Pedestrian,24.99,lidar_points,3.0,0.0,1
000010,3,Car,17.583,corners3d,3.0,0.4186,1
000010,3,Car,17.583,lidar_points,3.0,0.3491,1
000010,4,Car,23.152,corners3d,3.0,0.2987,1
000010,4,Car,23.152,lidar_points,3.0,0.1358,1
000010,5,Car,23.708,corners3d,3.0,0.3266,1
000010,5,Car,23.708,lidar_points,3.0,0.3117,1
000010,6,Car,29.129,corners3d,3.0,0.1684,1
000010,6,Car,29.129,lidar_points,3.0,0.1781,1
000010,7,Car,29.65,corners3d,3.0,0.1467,1
000010,7,Car,29.65,lidar_points,3.0,0.0,1
000010,8,Car,43.123,corners3d,3.0,0.0603,1
000010,8,Car,43.123,lidar_points,3.0,0.0146,1
000011,0,Pedestrian,13.487,corners3d,0.0,0.7617,1
000011,0,Pedestrian,13.487,lidar_points,0.0,0.8591,1
000011,1,Pedestrian,14.56,corners3d,0.0,0.9709,1
000011,1,Pedestrian,14.56,lidar_points,0.0,0.51,1
000011,2,Car,27.158,corners3d,0.0,0.9622,1
000011,2,Car,27.158,lidar_points,0.0,0.8262,1
000011,3,Pedestrian,34.187,corners3d,0.0,0.6641,1
000011,3,Pedestrian,34.187,lidar_points,0.0,0.7812,1
000011,4,Car,6.833,corners3d,0.0,0.0,0
000011,4,Car,6.833,lidar_points,0.0,0.6913,1
000011,5,Pedestrian,17.913,corners3d,0.0,0.7877,1
000011,5,Pedestrian,17.913,lidar_points,0.0,0.7895,1
000011,0,Pedestrian,13.487,corners3d,0.5,0.704,1
000011,0,Pedestrian,13.487,lidar_points,0.5,0.6971,1
000011,1,Pedestrian,14.56,corners3d,0.5,0.7866,1
000011,1,Pedestrian,14.56,lidar_points,0.5,0.5046,1
000011,2,Car,27.158,corners3d,0.5,0.7905,1
000011,2,Car,27.158,lidar_points,0.5,0.7609,1
000011,3,Pedestrian,34.187,corners3d,0.5,0.5249,1
000011,3,Pedestrian,34.187,lidar_points,0.5,0.3394,1
000011,4,Car,6.833,corners3d,0.5,0.0,0
000011,4,Car,6.833,lidar_points,0.5,0.4873,1
000011,5,Pedestrian,17.913,corners3d,0.5,0.5735,1
000011,5,Pedestrian,17.913,lidar_points,0.5,0.5117,1
000011,0,Pedestrian,13.487,corners3d,1.0,0.5434,1
000011,0,Pedestrian,13.487,lidar_points,1.0,0.5222,1
000011,1,Pedestrian,14.56,corners3d,1.0,0.6043,1
000011,1,Pedestrian,14.56,lidar_points,1.0,0.4993,1
000011,2,Car,27.158,corners3d,1.0,0.6309,1
000011,2,Car,27.158,lidar_points,1.0,0.6048,1
000011,3,Pedestrian,34.187,corners3d,1.0,0.2169,1
000011,3,Pedestrian,34.187,lidar_points,1.0,0.0723,1
000011,4,Car,6.833,corners3d,1.0,0.0,0
000011,4,Car,6.833,lidar_points,1.0,0.4049,1
000011,5,Pedestrian,17.913,corners3d,1.0,0.3117,1
000011,5,Pedestrian,17.913,lidar_points,1.0,0.2385,1
000011,0,Pedestrian,13.487,corners3d,2.0,0.2987,1
000011,0,Pedestrian,13.487,lidar_points,2.0,0.2636,1
000011,1,Pedestrian,14.56,corners3d,2.0,0.3327,1
000011,1,Pedestrian,14.56,lidar_points,2.0,0.3248,1
000011,2,Car,27.158,corners3d,2.0,0.3854,1
000011,2,Car,27.158,lidar_points,2.0,0.3633,1
000011,3,Pedestrian,34.187,corners3d,2.0,0.0,1
000011,3,Pedestrian,34.187,lidar_points,2.0,0.0,1
000011,4,Car,6.833,corners3d,2.0,0.0,0
000011,4,Car,6.833,lidar_points,2.0,0.2216,1
000011,5,Pedestrian,17.913,corners3d,2.0,0.0,1
000011,5,Pedestrian,17.913,lidar_points,2.0,0.0,1
000011,0,Pedestrian,13.487,corners3d,3.0,0.122,1
000011,0,Pedestrian,13.487,lidar_points,3.0,0.0816,1
000011,1,Pedestrian,14.56,corners3d,3.0,0.1412,1
000011,1,Pedestrian,14.56,lidar_points,3.0,0.1303,1
000011,2,Car,27.158,corners3d,3.0,0.2055,1
000011,2,Car,27.158,lidar_points,3.0,0.1864,1
000011,3,Pedestrian,34.187,corners3d,3.0,0.0,1
000011,3,Pedestrian,34.187,lidar_points,3.0,0.0,1
000011,4,Car,6.833,corners3d,3.0,0.0,0
000011,4,Car,6.833,lidar_points,3.0,0.0604,1
000011,5,Pedestrian,17.913,corners3d,3.0,0.0,1
000011,5,Pedestrian,17.913,lidar_points,3.0,0.0,1
000012,0,Car,59.138,corners3d,0.0,0.9703,1
000012,0,Car,59.138,lidar_points,0.0,0.2327,1
000012,1,Van,66.375,corners3d,0.0,0.9726,1
000012,1,Van,66.375,lidar_points,0.0,0.4847,1
000012,0,Car,59.138,corners3d,0.5,0.6207,1
000012,0,Car,59.138,lidar_points,0.5,0.2321,1
000012,1,Van,66.375,corners3d,0.5,0.6664,1
000012,1,Van,66.375,lidar_points,0.5,0.4002,1
000012,0,Car,59.138,corners3d,1.0,0.3693,1
000012,0,Car,59.138,lidar_points,1.0,0.2007,1
000012,1,Van,66.375,corners3d,1.0,0.4304,1
000012,1,Van,66.375,lidar_points,1.0,0.2549,1
000012,0,Car,59.138,corners3d,2.0,0.0446,1
000012,0,Car,59.138,lidar_points,2.0,0.0136,1
000012,1,Van,66.375,corners3d,2.0,0.1171,1
000012,1,Van,66.375,lidar_points,2.0,0.0383,1
000012,0,Car,59.138,corners3d,3.0,0.0,1
000012,0,Car,59.138,lidar_points,3.0,0.0,1
000012,1,Van,66.375,corners3d,3.0,0.0,1
000012,1,Van,66.375,lidar_points,3.0,0.0,1
000015,0,Car,5.221,corners3d,0.0,0.0,0
000015,0,Car,5.221,lidar_points,0.0,0.8917,1
000015,1,Pedestrian,9.052,corners3d,0.0,0.5724,1
000015,1,Pedestrian,9.052,lidar_points,0.0,0.6525,1
000015,2,Pedestrian,24.306,corners3d,0.0,0.5881,1
000015,2,Pedestrian,24.306,lidar_points,0.0,0.4919,1
000015,3,Pedestrian,24.484,corners3d,0.0,0.7118,1
000015,3,Pedestrian,24.484,lidar_points,0.0,0.5195,1
000015,4,Pedestrian,23.408,corners3d,0.0,0.7291,1
000015,4,Pedestrian,23.408,lidar_points,0.0,0.6967,1
000015,0,Car,5.221,corners3d,0.5,0.0,0
000015,0,Car,5.221,lidar_points,0.5,0.8695,1
000015,1,Pedestrian,9.052,corners3d,0.5,0.5784,1
000015,1,Pedestrian,9.052,lidar_points,0.5,0.6557,1
000015,2,Pedestrian,24.306,corners3d,0.5,0.2868,1
000015,2,Pedestrian,24.306,lidar_points,0.5,0.1877,1
000015,3,Pedestrian,24.484,corners3d,0.5,0.4623,1
000015,3,Pedestrian,24.484,lidar_points,0.5,0.2374,1
000015,4,Pedestrian,23.408,corners3d,0.5,0.5014,1
000015,4,Pedestrian,23.408,lidar_points,0.5,0.4012,1
000015,0,Car,5.221,corners3d,1.0,0.0,0
000015,0,Car,5.221,lidar_points,1.0,0.8583,1
000015,1,Pedestrian,9.052,corners3d,1.0,0.5844,1
000015,1,Pedestrian,9.052,lidar_points,1.0,0.6587,1
000015,2,Pedestrian,24.306,corners3d,1.0,0.0817,1
000015,2,Pedestrian,24.306,lidar_points,1.0,0.0,1
000015,3,Pedestrian,24.484,corners3d,1.0,0.2199,1
000015,3,Pedestrian,24.484,lidar_points,1.0,0.0439,1
000015,4,Pedestrian,23.408,corners3d,1.0,0.2776,1
000015,4,Pedestrian,23.408,lidar_points,1.0,0.1682,1
000015,0,Car,5.221,corners3d,2.0,0.0,0
000015,0,Car,5.221,lidar_points,2.0,0.8197,1
000015,1,Pedestrian,9.052,corners3d,2.0,0.4491,1
000015,1,Pedestrian,9.052,lidar_points,2.0,0.4489,1
000015,2,Pedestrian,24.306,corners3d,2.0,0.0,1
000015,2,Pedestrian,24.306,lidar_points,2.0,0.0,1
000015,3,Pedestrian,24.484,corners3d,2.0,0.0,1
000015,3,Pedestrian,24.484,lidar_points,2.0,0.0,1
000015,4,Pedestrian,23.408,corners3d,2.0,0.0,1
000015,4,Pedestrian,23.408,lidar_points,2.0,0.0,1
000015,0,Car,5.221,corners3d,3.0,0.0,0
000015,0,Car,5.221,lidar_points,3.0,0.7867,1
000015,1,Pedestrian,9.052,corners3d,3.0,0.2913,1
000015,1,Pedestrian,9.052,lidar_points,3.0,0.2802,1
000015,2,Pedestrian,24.306,corners3d,3.0,0.0,1
000015,2,Pedestrian,24.306,lidar_points,3.0,0.0,1
000015,3,Pedestrian,24.484,corners3d,3.0,0.0,1
000015,3,Pedestrian,24.484,lidar_points,3.0,0.0,1
000015,4,Pedestrian,23.408,corners3d,3.0,0.0,1
000015,4,Pedestrian,23.408,lidar_points,3.0,0.0,1
000016,0,Car,44.631,corners3d,0.0,0.9792,1
000016,0,Car,44.631,lidar_points,0.0,0.2627,1
000016,1,Truck,28.137,corners3d,0.0,0.9573,1
000016,1,Truck,28.137,lidar_points,0.0,0.5332,1
000016,2,Car,33.475,corners3d,0.0,0.9602,1
000016,2,Car,33.475,lidar_points,0.0,0.6059,1
000016,3,Car,7.271,corners3d,0.0,0.7449,1
000016,3,Car,7.271,lidar_points,0.0,0.8654,1
000016,4,Car,47.222,corners3d,0.0,0.9752,1
000016,4,Car,47.222,lidar_points,0.0,0.1522,1
000016,0,Car,44.631,corners3d,0.5,0.6654,1
000016,0,Car,44.631,lidar_points,0.5,0.2082,1
000016,1,Truck,28.137,corners3d,0.5,0.9203,1
000016,1,Truck,28.137,lidar_points,0.5,0.5314,1
000016,2,Car,33.475,corners3d,0.5,0.7503,1
000016,2,Car,33.475,lidar_points,0.5,0.5321,1
000016,3,Car,7.271,corners3d,0.5,0.756,1
000016,3,Car,7.271,lidar_points,0.5,0.8476,1
000016,4,Car,47.222,corners3d,0.5,0.6644,1
000016,4,Car,47.222,lidar_points,0.5,0.1302,1
000016,0,Car,44.631,corners3d,1.0,0.4354,1
000016,0,Car,44.631,lidar_points,1.0,0.126,1
000016,1,Truck,28.137,corners3d,1.0,0.8797,1
000016,1,Truck,28.137,lidar_points,1.0,0.5157,1
000016,2,Car,33.475,corners3d,1.0,0.5701,1
000016,2,Car,33.475,lidar_points,1.0,0.4085,1
000016,3,Car,7.271,corners3d,1.0,0.2534,1
000016,3,Car,7.271,lidar_points,1.0,0.8295,1
000016,4,Car,47.222,corners3d,1.0,0.4296,1
000016,4,Car,47.222,lidar_points,1.0,0.0898,1
000016,0,Car,44.631,corners3d,2.0,0.1269,1
000016,0,Car,44.631,lidar_points,2.0,0.0,1
000016,1,Truck,28.137,corners3d,2.0,0.8033,1
000016,1,Truck,28.137,lidar_points,2.0,0.4849,1
000016,2,Car,33.475,corners3d,2.0,0.3032,1
000016,2,Car,33.475,lidar_points,2.0,0.2133,1
000016,3,Car,7.271,corners3d,2.0,0.2594,1
000016,3,Car,7.271,lidar_points,2.0,0.792,1
000016,4,Car,47.222,corners3d,2.0,0.1177,1
000016,4,Car,47.222,lidar_points,2.0,0.0166,1
000016,0,Car,44.631,corners3d,3.0,0.0,1
000016,0,Car,44.631,lidar_points,3.0,0.0,1
000016,1,Truck,28.137,corners3d,3.0,0.7328,1
000016,1,Truck,28.137,lidar_points,3.0,0.455,1
000016,2,Car,33.475,corners3d,3.0,0.1151,1
000016,2,Car,33.475,lidar_points,3.0,0.0661,1
000016,3,Car,7.271,corners3d,3.0,0.2657,1
000016,3,Car,7.271,lidar_points,3.0,0.7527,1
000016,4,Car,47.222,corners3d,3.0,0.0,1
000016,4,Car,47.222,lidar_points,3.0,0.0,1
000019,0,Truck,6.557,corners3d,0.0,0.2611,1
000019,0,Truck,6.557,lidar_points,0.0,0.7201,1
000019,1,Car,10.257,corners3d,0.0,0.9759,1
000019,1,Car,10.257,lidar_points,0.0,0.8819,1
000019,2,Van,35.472,corners3d,0.0,0.9579,1
000019,2,Van,35.472,lidar_points,0.0,0.7014,1
000019,3,Car,59.767,corners3d,0.0,0.9674,1
000019,3,Car,59.767,lidar_points,0.0,0.4304,1
000019,0,Truck,6.557,corners3d,0.5,0.266,1
000019,0,Truck,6.557,lidar_points,0.5,0.7089,1
000019,1,Car,10.257,corners3d,0.5,0.9245,1
000019,1,Car,10.257,lidar_points,0.5,0.8744,1
000019,2,Van,35.472,corners3d,0.5,0.7348,1
000019,2,Van,35.472,lidar_points,0.5,0.6442,1
000019,3,Car,59.767,corners3d,0.5,0.5801,1
000019,3,Car,59.767,lidar_points,0.5,0.2913,1
000019,0,Truck,6.557,corners3d,1.0,0.2691,1
000019,0,Truck,6.557,lidar_points,1.0,0.6982,1
000019,1,Car,10.257,corners3d,1.0,0.8636,1
000019,1,Car,10.257,lidar_points,1.0,0.8357,1
000019,2,Van,35.472,corners3d,1.0,0.542,1
000019,2,Van,35.472,lidar_points,1.0,0.4745,1
000019,3,Car,59.767,corners3d,1.0,0.3102,1
000019,3,Car,59.767,lidar_points,1.0,0.1188,1
000019,0,Truck,6.557,corners3d,2.0,0.2758,1
000019,0,Truck,6.557,lidar_points,2.0,0.6759,1
000019,1,Car,10.257,corners3d,2.0,0.7475,1
000019,1,Car,10.257,lidar_points,2.0,0.7155,1
000019,2,Van,35.472,corners3d,2.0,0.2625,1
000019,2,Van,35.472,lidar_points,2.0,0.2225,1
000019,3,Car,59.767,corners3d,2.0,0.0,1
000019,3,Car,59.767,lidar_points,2.0,0.0,1
000019,0,Truck,6.557,corners3d,3.0,0.2829,1
000019,0,Truck,6.557,lidar_points,3.0,0.6532,1
000019,1,Car,10.257,corners3d,3.0,0.6437,1
000019,1,Car,10.257,lidar_points,3.0,0.6108,1
000019,2,Van,35.472,corners3d,3.0,0.0699,1
000019,2,Van,35.472,lidar_points,3.0,0.0442,1
000019,3,Car,59.767,corners3d,3.0,0.0,1
000019,3,Car,59.767,lidar_points,3.0,0.0,1
000021,0,Cyclist,4.499,corners3d,0.0,0.0,0
000021,0,Cyclist,4.499,lidar_points,0.0,0.5453,1
000021,1,Car,13.731,corners3d,0.0,0.9769,1
000021,1,Car,13.731,lidar_points,0.0,0.8655,1
000021,2,Car,17.852,corners3d,0.0,0.9557,1
000021,2,Car,17.852,lidar_points,0.0,0.6052,1
000021,3,Van,23.954,corners3d,0.0,0.9741,1
000021,3,Van,23.954,lidar_points,0.0,0.7325,1
000021,4,Car,26.52,corners3d,0.0,0.9661,1
000021,4,Car,26.52,lidar_points,0.0,0.8232,1
000021,5,Car,26.922,corners3d,0.0,0.9573,1
000021,5,Car,26.922,lidar_points,0.0,0.5934,1
000021,6,Car,32.638,corners3d,0.0,0.9603,1
000021,6,Car,32.638,lidar_points,0.0,0.7781,1
000021,7,Car,31.833,corners3d,0.0,0.9754,1
000021,7,Car,31.833,lidar_points,0.0,0.2564,1
000021,0,Cyclist,4.499,corners3d,0.5,0.0,0
000021,0,Cyclist,4.499,lidar_points,0.5,0.5959,1
000021,1,Car,13.731,corners3d,0.5,0.8949,1
000021,1,Car,13.731,lidar_points,0.5,0.8719,1
000021,2,Car,17.852,corners3d,0.5,0.8693,1
000021,2,Car,17.852,lidar_points,0.5,0.6074,1
000021,3,Van,23.954,corners3d,0.5,0.9141,1
000021,3,Van,23.954,lidar_points,0.5,0.7169,1
000021,4,Car,26.52,corners3d,0.5,0.7978,1
000021,4,Car,26.52,lidar_points,0.5,0.7889,1
000021,5,Car,26.922,corners3d,0.5,0.7959,1
000021,5,Car,26.922,lidar_points,0.5,0.5943,1
000021,6,Car,32.638,corners3d,0.5,0.7709,1
000021,6,Car,32.638,lidar_points,0.5,0.6846,1
000021,7,Car,31.833,corners3d,0.5,0.7371,1
000021,7,Car,31.833,lidar_points,0.5,0.2565,1
000021,0,Cyclist,4.499,corners3d,1.0,0.0,0
000021,0,Cyclist,4.499,lidar_points,1.0,0.6489,1
000021,1,Car,13.731,corners3d,1.0,0.8188,1
000021,1,Car,13.731,lidar_points,1.0,0.8216,1
000021,2,Car,17.852,corners3d,1.0,0.7738,1
000021,2,Car,17.852,lidar_points,1.0,0.6099,1
000021,3,Van,23.954,corners3d,1.0,0.8486,1
000021,3,Van,23.954,lidar_points,1.0,0.6681,1
000021,4,Car,26.52,corners3d,1.0,0.6498,1
000021,4,Car,26.52,lidar_points,1.0,0.6373,1
000021,5,Car,26.922,corners3d,1.0,0.6429,1
000021,5,Car,26.922,lidar_points,1.0,0.5954,1
000021,6,Car,32.638,corners3d,1.0,0.6043,1
000021,6,Car,32.638,lidar_points,1.0,0.5372,1
000021,7,Car,31.833,corners3d,1.0,0.5414,1
000021,7,Car,31.833,lidar_points,1.0,0.2567,1
000021,0,Cyclist,4.499,corners3d,2.0,0.0,0
000021,0,Cyclist,4.499,lidar_points,2.0,0.7499,1
000021,1,Car,13.731,corners3d,2.0,0.6838,1
000021,1,Car,13.731,lidar_points,2.0,0.6793,1
000021,2,Car,17.852,corners3d,2.0,0.61,1
000021,2,Car,17.852,lidar_points,2.0,0.6136,1
000021,3,Van,23.954,corners3d,2.0,0.7308,1
000021,3,Van,23.954,lidar_points,2.0,0.5794,1
000021,4,Car,26.52,corners3d,2.0,0.417,1
000021,4,Car,26.52,lidar_points,2.0,0.4007,1
000021,5,Car,26.922,corners3d,2.0,0.4047,1
000021,5,Car,26.922,lidar_points,2.0,0.4272,1
000021,6,Car,32.638,corners3d,2.0,0.3513,1
000021,6,Car,32.638,lidar_points,2.0,0.3088,1
000021,7,Car,31.833,corners3d,2.0,0.2593,1
000021,7,Car,31.833,lidar_points,2.0,0.2573,1
000021,0,Cyclist,4.499,corners3d,3.0,0.0,0
000021,0,Cyclist,4.499,lidar_points,3.0,0.8853,1
000021,1,Car,13.731,corners3d,3.0,0.5673,1
000021,1,Car,13.731,lidar_points,3.0,0.5585,1
000021,2,Car,17.852,corners3d,3.0,0.4746,1
000021,2,Car,17.852,lidar_points,3.0,0.5399,1
000021,3,Van,23.954,corners3d,3.0,0.6282,1
000021,3,Van,23.954,lidar_points,3.0,0.5008,1
000021,4,Car,26.52,corners3d,3.0,0.2423,1
000021,4,Car,26.52,lidar_points,3.0,0.2246,1
000021,5,Car,26.922,corners3d,3.0,0.2279,1
000021,5,Car,26.922,lidar_points,3.0,0.2318,1
000021,6,Car,32.638,corners3d,3.0,0.1683,1
000021,6,Car,32.638,lidar_points,3.0,0.1402,1
000021,7,Car,31.833,corners3d,3.0,0.0657,1
000021,7,Car,31.833,lidar_points,3.0,0.0222,1
000023,0,Truck,69.308,corners3d,0.0,0.9179,1
000023,0,Truck,69.308,lidar_points,0.0,0.7587,1
000023,1,Car,57.57,corners3d,0.0,0.9822,1
000023,1,Car,57.57,lidar_points,0.0,0.0741,1
000023,2,Cyclist,45.015,corners3d,0.0,0.978,1
000023,2,Cyclist,45.015,lidar_points,0.0,0.5526,1
000023,0,Truck,69.308,corners3d,0.5,0.6504,1
000023,0,Truck,69.308,lidar_points,0.5,0.531,1
000023,1,Car,57.57,corners3d,0.5,0.6936,1
000023,1,Car,57.57,lidar_points,0.5,0.0618,1
000023,2,Cyclist,45.015,corners3d,0.5,0.3379,1
000023,2,Cyclist,45.015,lidar_points,0.5,0.2665,1
000023,0,Truck,69.308,corners3d,1.0,0.4118,1
000023,0,Truck,69.308,lidar_points,1.0,0.3329,1
000023,1,Car,57.57,corners3d,1.0,0.4738,1
000023,1,Car,57.57,lidar_points,1.0,0.0296,1
000023,2,Cyclist,45.015,corners3d,1.0,0.0042,1
000023,2,Cyclist,45.015,lidar_points,1.0,0.0,1
000023,0,Truck,69.308,corners3d,2.0,0.0968,1
000023,0,Truck,69.308,lidar_points,2.0,0.0589,1
000023,1,Car,57.57,corners3d,2.0,0.17,1
000023,1,Car,57.57,lidar_points,2.0,0.0,1
000023,2,Cyclist,45.015,corners3d,2.0,0.0,1
000023,2,Cyclist,45.015,lidar_points,2.0,0.0,1
000023,0,Truck,69.308,corners3d,3.0,0.0,1
000023,0,Truck,69.308,lidar_points,3.0,0.0,1
000023,1,Car,57.57,corners3d,3.0,0.0,1
000023,1,Car,57.57,lidar_points,3.0,0.0,1
000023,2,Cyclist,45.015,corners3d,3.0,0.0,1
000023,2,Cyclist,45.015,lidar_points,3.0,0.0,1
000025,0,Car,4.311,corners3d,0.0,0.0,0
000025,0,Car,4.311,lidar_points,0.0,0.6376,1
000025,1,Car,10.776,corners3d,0.0,0.9743,1
000025,1,Car,10.776,lidar_points,0.0,0.87,1
000025,2,Car,30.241,corners3d,0.0,0.9669,1
000025,2,Car,30.241,lidar_points,0.0,0.6804,1
000025,3,Car,17.941,corners3d,0.0,0.9752,1
000025,3,Car,17.941,lidar_points,0.0,0.7353,1
000025,4,Cyclist,44.76,corners3d,0.0,0.9525,1
000025,4,Cyclist,44.76,lidar_points,0.0,0.7389,1
000025,5,Car,22.771,corners3d,0.0,0.9728,1
000025,5,Car,22.771,lidar_points,0.0,0.1928,1
000025,0,Car,4.311,corners3d,0.5,0.0,0
000025,0,Car,4.311,lidar_points,0.5,0.6525,1
000025,1,Car,10.776,corners3d,0.5,0.9078,1
000025,1,Car,10.776,lidar_points,0.5,0.8438,1
000025,2,Car,30.241,corners3d,0.5,0.7797,1
000025,2,Car,30.241,lidar_points,0.5,0.6105,1
000025,3,Car,17.941,corners3d,0.5,0.8452,1
000025,3,Car,17.941,lidar_points,0.5,0.7091,1
000025,4,Cyclist,44.76,corners3d,0.5,0.2136,1
000025,4,Cyclist,44.76,lidar_points,0.5,0.1619,1
000025,5,Car,22.771,corners3d,0.5,0.79,1
000025,5,Car,22.771,lidar_points,0.5,0.1402,1
000025,0,Car,4.311,corners3d,1.0,0.0,0
000025,0,Car,4.311,lidar_points,1.0,0.6594,1
000025,1,Car,10.776,corners3d,1.0,0.8419,1
000025,1,Car,10.776,lidar_points,1.0,0.7862,1
000025,2,Car,30.241,corners3d,1.0,0.6158,1
000025,2,Car,30.241,lidar_points,1.0,0.4795,1
000025,3,Car,17.941,corners3d,1.0,0.7149,1
000025,3,Car,17.941,lidar_points,1.0,0.5992,1
000025,4,Cyclist,44.76,corners3d,1.0,0.0,1
000025,4,Cyclist,44.76,lidar_points,1.0,0.0,1
000025,5,Car,22.771,corners3d,1.0,0.6291,1
000025,5,Car,22.771,lidar_points,1.0,0.0494,1
000025,0,Car,4.311,corners3d,2.0,0.0,0
000025,0,Car,4.311,lidar_points,2.0,0.664,1
000025,1,Car,10.776,corners3d,2.0,0.7231,1
000025,1,Car,10.776,lidar_points,2.0,0.6794,1
000025,2,Car,30.241,corners3d,2.0,0.3655,1
000025,2,Car,30.241,lidar_points,2.0,0.2725,1
000025,3,Car,17.941,corners3d,2.0,0.5024,1
000025,3,Car,17.941,lidar_points,2.0,0.4179,1
000025,4,Cyclist,44.76,corners3d,2.0,0.0,1
000025,4,Cyclist,44.76,lidar_points,2.0,0.0,1
000025,5,Car,22.771,corners3d,2.0,0.3802,1
000025,5,Car,22.771,lidar_points,2.0,0.0,1
000025,0,Car,4.311,corners3d,3.0,0.0,0
000025,0,Car,4.311,lidar_points,3.0,0.6452,1
000025,1,Car,10.776,corners3d,3.0,0.619,1
000025,1,Car,10.776,lidar_points,3.0,0.5772,1
000025,2,Car,30.241,corners3d,3.0,0.1836,1
000025,2,Car,30.241,lidar_points,3.0,0.1162,1
000025,3,Car,17.941,corners3d,3.0,0.3368,1
000025,3,Car,17.941,lidar_points,3.0,0.2743,1
000025,4,Cyclist,44.76,corners3d,3.0,0.0,1
000025,4,Cyclist,44.76,lidar_points,3.0,0.0,1
000025,5,Car,22.771,corners3d,3.0,0.1966,1
000025,5,Car,22.771,lidar_points,3.0,0.0,1
000031,0,Car,12.734,corners3d,0.0,0.9764,1
000031,0,Car,12.734,lidar_points,0.0,0.8527,1
000031,1,Car,9.18,corners3d,0.0,0.9909,1
000031,1,Car,9.18,lidar_points,0.0,0.8917,1
000031,2,Car,13.558,corners3d,0.0,0.9782,1
000031,2,Car,13.558,lidar_points,0.0,0.7132,1
000031,3,Truck,22.591,corners3d,0.0,0.975,1
000031,3,Truck,22.591,lidar_points,0.0,0.7829,1
000031,4,Car,26.602,corners3d,0.0,0.9754,1
000031,4,Car,26.602,lidar_points,0.0,0.7398,1
000031,5,Van,51.965,corners3d,0.0,0.9698,1
000031,5,Van,51.965,lidar_points,0.0,0.7146,1
000031,0,Car,12.734,corners3d,0.5,0.9064,1
000031,0,Car,12.734,lidar_points,0.5,0.8467,1
000031,1,Car,9.18,corners3d,0.5,0.9394,1
000031,1,Car,9.18,lidar_points,0.5,0.881,1
000031,2,Car,13.558,corners3d,0.5,0.9055,1
000031,2,Car,13.558,lidar_points,0.5,0.6628,1
000031,3,Truck,22.591,corners3d,0.5,0.8561,1
000031,3,Truck,22.591,lidar_points,0.5,0.7204,1
000031,4,Car,26.602,corners3d,0.5,0.7731,1
000031,4,Car,26.602,lidar_points,0.5,0.6337,1
000031,5,Van,51.965,corners3d,0.5,0.6289,1
000031,5,Van,51.965,lidar_points,0.5,0.6081,1
000031,0,Car,12.734,corners3d,1.0,0.8257,1
000031,0,Car,12.734,lidar_points,1.0,0.7764,1
000031,1,Car,9.18,corners3d,1.0,0.88,1
000031,1,Car,9.18,lidar_points,1.0,0.8381,1
000031,2,Car,13.558,corners3d,1.0,0.8202,1
000031,2,Car,13.558,lidar_points,1.0,0.5944,1
000031,3,Truck,22.591,corners3d,1.0,0.7429,1
000031,3,Truck,22.591,lidar_points,1.0,0.6315,1
000031,4,Car,26.602,corners3d,1.0,0.5975,1
000031,4,Car,26.602,lidar_points,1.0,0.4933,1
000031,5,Van,51.965,corners3d,1.0,0.3782,1
000031,5,Van,51.965,lidar_points,1.0,0.3558,1
000031,0,Car,12.734,corners3d,2.0,0.6839,1
000031,0,Car,12.734,lidar_points,2.0,0.6505,1
000031,1,Car,9.18,corners3d,2.0,0.7711,1
000031,1,Car,9.18,lidar_points,2.0,0.7283,1
000031,2,Car,13.558,corners3d,2.0,0.6704,1
000031,2,Car,13.558,lidar_points,2.0,0.4738,1
000031,3,Truck,22.591,corners3d,2.0,0.5537,1
000031,3,Truck,22.591,lidar_points,2.0,0.4785,1
000031,4,Car,26.602,corners3d,2.0,0.3341,1
000031,4,Car,26.602,lidar_points,2.0,0.2745,1
000031,5,Van,51.965,corners3d,2.0,0.0556,1
000031,5,Van,51.965,lidar_points,2.0,0.032,1
000031,0,Car,12.734,corners3d,3.0,0.5632,1
000031,0,Car,12.734,lidar_points,3.0,0.5408,1
000031,1,Car,9.18,corners3d,3.0,0.6743,1
000031,1,Car,9.18,lidar_points,3.0,0.632,1
000031,2,Car,13.558,corners3d,3.0,0.5429,1
000031,2,Car,13.558,lidar_points,3.0,0.3707,1
000031,3,Truck,22.591,corners3d,3.0,0.4022,1
000031,3,Truck,22.591,lidar_points,3.0,0.3516,1
000031,4,Car,26.602,corners3d,3.0,0.1459,1
000031,4,Car,26.602,lidar_points,3.0,0.112,1
000031,5,Van,51.965,corners3d,3.0,0.0,1
000031,5,Van,51.965,lidar_points,3.0,0.0,1
000032,0,Car,9.802,corners3d,0.0,0.9784,1
000032,0,Car,9.802,lidar_points,0.0,0.7793,1
000032,1,Car,9.276,corners3d,0.0,0.9812,1
000032,1,Car,9.276,lidar_points,0.0,0.901,1
000032,2,Van,14.906,corners3d,0.0,0.9759,1
000032,2,Van,14.906,lidar_points,0.0,0.7609,1
000032,3,Car,13.899,corners3d,0.0,0.9743,1
000032,3,Car,13.899,lidar_points,0.0,0.6712,1
000032,4,Car,20.233,corners3d,0.0,0.9663,1
000032,4,Car,20.233,lidar_points,0.0,0.6616,1
000032,5,Van,25.469,corners3d,0.0,0.978,1
000032,5,Van,25.469,lidar_points,0.0,0.4768,1
000032,6,Car,25.888,corners3d,0.0,0.9632,1
000032,6,Car,25.888,lidar_points,0.0,0.3857,1
000032,7,Van,44.745,corners3d,0.0,0.9658,1
000032,7,Van,44.745,lidar_points,0.0,0.6761,1
000032,8,Van,41.114,corners3d,0.0,0.969,1
000032,8,Van,41.114,lidar_points,0.0,0.4526,1
000032,9,Car,45.174,corners3d,0.0,0.9629,1
000032,9,Car,45.174,lidar_points,0.0,0.4793,1
000032,0,Car,9.802,corners3d,0.5,0.9224,1
000032,0,Car,9.802,lidar_points,0.5,0.7893,1
000032,1,Car,9.276,corners3d,0.5,0.9346,1
000032,1,Car,9.276,lidar_points,0.5,0.8936,1
000032,2,Van,14.906,corners3d,0.5,0.8971,1
000032,2,Van,14.906,lidar_points,0.5,0.7662,1
000032,3,Car,13.899,corners3d,0.5,0.9082,1
000032,3,Car,13.899,lidar_points,0.5,0.6674,1
000032,4,Car,20.233,corners3d,0.5,0.8059,1
000032,4,Car,20.233,lidar_points,0.5,0.5922,1
000032,5,Van,25.469,corners3d,0.5,0.9202,1
000032,5,Van,25.469,lidar_points,0.5,0.483,1
000032,6,Car,25.888,corners3d,0.5,0.8321,1
000032,6,Car,25.888,lidar_points,0.5,0.3836,1
000032,7,Van,44.745,corners3d,0.5,0.6628,1
000032,7,Van,44.745,lidar_points,0.5,0.5525,1
000032,8,Van,41.114,corners3d,0.5,0.8802,1
000032,8,Van,41.114,lidar_points,0.5,0.4482,1
000032,9,Car,45.174,corners3d,0.5,0.6867,1
000032,9,Car,45.174,lidar_points,0.5,0.3894,1
000032,0,Car,9.802,corners3d,1.0,0.8653,1
000032,0,Car,9.802,lidar_points,1.0,0.7997,1
000032,1,Car,9.276,corners3d,1.0,0.8785,1
000032,1,Car,9.276,lidar_points,1.0,0.8381,1
000032,2,Van,14.906,corners3d,1.0,0.815,1
000032,2,Van,14.906,lidar_points,1.0,0.7718,1
000032,3,Car,13.899,corners3d,1.0,0.8308,1
000032,3,Car,13.899,lidar_points,1.0,0.6152,1
000032,4,Car,20.233,corners3d,1.0,0.6612,1
000032,4,Car,20.233,lidar_points,1.0,0.4761,1
000032,5,Van,25.469,corners3d,1.0,0.8603,1
000032,5,Van,25.469,lidar_points,1.0,0.4893,1
000032,6,Car,25.888,corners3d,1.0,0.704,1
000032,6,Car,25.888,lidar_points,1.0,0.3485,1
000032,7,Van,44.745,corners3d,1.0,0.4277,1
000032,7,Van,44.745,lidar_points,1.0,0.356,1
000032,8,Van,41.114,corners3d,1.0,0.7921,1
000032,8,Van,41.114,lidar_points,1.0,0.4031,1
000032,9,Car,45.174,corners3d,1.0,0.4709,1
000032,9,Car,45.174,lidar_points,1.0,0.2785,1
000032,0,Car,9.802,corners3d,2.0,0.7604,1
000032,0,Car,9.802,lidar_points,2.0,0.7412,1
000032,1,Car,9.276,corners3d,2.0,0.7722,1
000032,1,Car,9.276,lidar_points,2.0,0.7295,1
000032,2,Van,14.906,corners3d,2.0,0.671,1
000032,2,Van,14.906,lidar_points,2.0,0.6601,1
000032,3,Car,13.899,corners3d,2.0,0.693,1
000032,3,Car,13.899,lidar_points,2.0,0.4988,1
000032,4,Car,20.233,corners3d,2.0,0.4319,1
000032,4,Car,20.233,lidar_points,2.0,0.2888,1
000032,5,Van,25.469,corners3d,2.0,0.7522,1
000032,5,Van,25.469,lidar_points,2.0,0.5028,1
000032,6,Car,25.888,corners3d,2.0,0.4955,1
000032,6,Car,25.888,lidar_points,2.0,0.2518,1
000032,7,Van,44.745,corners3d,2.0,0.1144,1
000032,7,Van,44.745,lidar_points,2.0,0.0821,1
000032,8,Van,41.114,corners3d,2.0,0.6393,1
000032,8,Van,41.114,lidar_points,2.0,0.3216,1
000032,9,Car,45.174,corners3d,2.0,0.1735,1
000032,9,Car,45.174,lidar_points,2.0,0.1018,1
000032,0,Car,9.802,corners3d,3.0,0.6654,1
000032,0,Car,9.802,lidar_points,3.0,0.66,1
000032,1,Car,9.276,corners3d,3.0,0.6746,1
000032,1,Car,9.276,lidar_points,3.0,0.6341,1
000032,2,Van,14.906,corners3d,3.0,0.5489,1
000032,2,Van,14.906,lidar_points,3.0,0.5438,1
000032,3,Car,13.899,corners3d,3.0,0.574,1
000032,3,Car,13.899,lidar_points,3.0,0.3987,1
000032,4,Car,20.233,corners3d,3.0,0.2586,1
000032,4,Car,20.233,lidar_points,3.0,0.1442,1
000032,5,Van,25.469,corners3d,3.0,0.6551,1
000032,5,Van,25.469,lidar_points,3.0,0.5173,1
000032,6,Car,25.888,corners3d,3.0,0.333,1
000032,6,Car,25.888,lidar_points,3.0,0.1688,1
000032,7,Van,44.745,corners3d,3.0,0.0,1
000032,7,Van,44.745,lidar_points,3.0,0.0,1
000032,8,Van,41.114,corners3d,3.0,0.5112,1
000032,8,Van,41.114,lidar_points,3.0,0.2499,1
000032,9,Car,45.174,corners3d,3.0,0.0,1
000032,9,Car,45.174,lidar_points,3.0,0.0,1
000043,0,Pedestrian,12.848,corners3d,0.0,0.7353,1
000043,0,Pedestrian,12.848,lidar_points,0.0,0.8403,1
000043,1,Pedestrian,12.729,corners3d,0.0,0.9071,1
000043,1,Pedestrian,12.729,lidar_points,0.0,0.8266,1
000043,2,Pedestrian,20.711,corners3d,0.0,0.8114,1
000043,2,Pedestrian,20.711,lidar_points,0.0,0.7228,1
000043,3,Pedestrian,20.629,corners3d,0.0,0.7394,1
000043,3,Pedestrian,20.629,lidar_points,0.0,0.8708,1
000043,0,Pedestrian,12.848,corners3d,0.5,0.6904,1
000043,0,Pedestrian,12.848,lidar_points,0.5,0.6184,1
000043,1,Pedestrian,12.729,corners3d,0.5,0.5938,1
000043,1,Pedestrian,12.729,lidar_points,0.5,0.5322,1
000043,2,Pedestrian,20.711,corners3d,0.5,0.5697,1
000043,2,Pedestrian,20.711,lidar_points,0.5,0.4831,1
000043,3,Pedestrian,20.629,corners3d,0.5,0.5363,1
000043,3,Pedestrian,20.629,lidar_points,0.5,0.5513,1
000043,0,Pedestrian,12.848,corners3d,1.0,0.4645,1
000043,0,Pedestrian,12.848,lidar_points,1.0,0.3975,1
000043,1,Pedestrian,12.729,corners3d,1.0,0.3696,1
000043,1,Pedestrian,12.729,lidar_points,1.0,0.3191,1
000043,2,Pedestrian,20.711,corners3d,1.0,0.3383,1
000043,2,Pedestrian,20.711,lidar_points,1.0,0.2452,1
000043,3,Pedestrian,20.629,corners3d,1.0,0.3179,1
000043,3,Pedestrian,20.629,lidar_points,1.0,0.3111,1
000043,0,Pedestrian,12.848,corners3d,2.0,0.1571,1
000043,0,Pedestrian,12.848,lidar_points,2.0,0.0972,1
000043,1,Pedestrian,12.729,corners3d,2.0,0.0703,1
000043,1,Pedestrian,12.729,lidar_points,2.0,0.0313,1
000043,2,Pedestrian,20.711,corners3d,2.0,0.0342,1
000043,2,Pedestrian,20.711,lidar_points,2.0,0.0,1
000043,3,Pedestrian,20.629,corners3d,2.0,0.0265,1
000043,3,Pedestrian,20.629,lidar_points,2.0,0.0016,1
000043,0,Pedestrian,12.848,corners3d,3.0,0.0,1
000043,0,Pedestrian,12.848,lidar_points,3.0,0.0,1
000043,1,Pedestrian,12.729,corners3d,3.0,0.0,1
000043,1,Pedestrian,12.729,lidar_points,3.0,0.0,1
000043,2,Pedestrian,20.711,corners3d,3.0,0.0,1
000043,2,Pedestrian,20.711,lidar_points,3.0,0.0,1
000043,3,Pedestrian,20.629,corners3d,3.0,0.0,1
000043,3,Pedestrian,20.629,lidar_points,3.0,0.0,1
000048,0,Pedestrian,16.937,corners3d,0.0,0.7428,1
000048,0,Pedestrian,16.937,lidar_points,0.0,0.7707,1
000048,1,Pedestrian,17.211,corners3d,0.0,0.7344,1
000048,1,Pedestrian,17.211,lidar_points,0.0,0.6168,1
000048,2,Pedestrian,16.627,corners3d,0.0,0.6114,1
000048,2,Pedestrian,16.627,lidar_points,0.0,0.5612,1
000048,3,Cyclist,30.44,corners3d,0.0,0.9556,1
000048,3,Cyclist,30.44,lidar_points,0.0,0.531,1
000048,0,Pedestrian,16.937,corners3d,0.5,0.4881,1
000048,0,Pedestrian,16.937,lidar_points,0.5,0.489,1
000048,1,Pedestrian,17.211,corners3d,0.5,0.6232,1
000048,1,Pedestrian,17.211,lidar_points,0.5,0.3943,1
000048,2,Pedestrian,16.627,corners3d,0.5,0.4544,1
000048,2,Pedestrian,16.627,lidar_points,0.5,0.3412,1
000048,3,Cyclist,30.44,corners3d,0.5,0.5604,1
000048,3,Cyclist,30.44,lidar_points,0.5,0.4397,1
000048,0,Pedestrian,16.937,corners3d,1.0,0.2977,1
000048,0,Pedestrian,16.937,lidar_points,1.0,0.2849,1
000048,1,Pedestrian,17.211,corners3d,1.0,0.4205,1
000048,1,Pedestrian,17.211,lidar_points,1.0,0.2259,1
000048,2,Pedestrian,16.627,corners3d,1.0,0.2934,1
000048,2,Pedestrian,16.627,lidar_points,1.0,0.1752,1
000048,3,Cyclist,30.44,corners3d,1.0,0.268,1
000048,3,Cyclist,30.44,lidar_points,1.0,0.186,1
000048,0,Pedestrian,16.937,corners3d,2.0,0.0336,1
000048,0,Pedestrian,16.937,lidar_points,2.0,0.0088,1
000048,1,Pedestrian,17.211,corners3d,2.0,0.1369,1
000048,1,Pedestrian,17.211,lidar_points,2.0,0.0,1
000048,2,Pedestrian,16.627,corners3d,2.0,0.0604,1
000048,2,Pedestrian,16.627,lidar_points,2.0,0.0,1
000048,3,Cyclist,30.44,corners3d,2.0,0.0,1
000048,3,Cyclist,30.44,lidar_points,2.0,0.0,1
000048,0,Pedestrian,16.937,corners3d,3.0,0.0,1
000048,0,Pedestrian,16.937,lidar_points,3.0,0.0,1
000048,1,Pedestrian,17.211,corners3d,3.0,0.0,1
000048,1,Pedestrian,17.211,lidar_points,3.0,0.0,1
000048,2,Pedestrian,16.627,corners3d,3.0,0.0,1
000048,2,Pedestrian,16.627,lidar_points,3.0,0.0,1
000048,3,Cyclist,30.44,corners3d,3.0,0.0,1
000048,3,Cyclist,30.44,lidar_points,3.0,0.0,1
000049,0,Car,21.608,corners3d,0.0,0.9718,1
000049,0,Car,21.608,lidar_points,0.0,0.826,1
000049,1,Car,14.432,corners3d,0.0,0.9702,1
000049,1,Car,14.432,lidar_points,0.0,0.8675,1
000049,2,Car,22.345,corners3d,0.0,0.9718,1
000049,2,Car,22.345,lidar_points,0.0,0.5143,1
000049,3,Car,25.245,corners3d,0.0,0.9655,1
000049,3,Car,25.245,lidar_points,0.0,0.538,1
000049,4,Car,32.809,corners3d,0.0,0.9577,1
000049,4,Car,32.809,lidar_points,0.0,0.0884,1
000049,5,Van,45.879,corners3d,0.0,0.9644,1
000049,5,Van,45.879,lidar_points,0.0,0.7251,1
000049,6,Pedestrian,5.708,corners3d,0.0,0.0147,1
000049,6,Pedestrian,5.708,lidar_points,0.0,0.8368,1
000049,7,Car,10.53,corners3d,0.0,0.9822,1
000049,7,Car,10.53,lidar_points,0.0,0.8027,1
000049,8,Car,15.531,corners3d,0.0,0.9809,1
000049,8,Car,15.531,lidar_points,0.0,0.7359,1
000049,9,Car,20.711,corners3d,0.0,0.9694,1
000049,9,Car,20.711,lidar_points,0.0,0.8402,1
000049,10,Pedestrian,32.831,corners3d,0.0,0.7023,1
000049,10,Pedestrian,32.831,lidar_points,0.0,0.6579,1
000049,11,Car,33.287,corners3d,0.0,0.9734,1
000049,11,Car,33.287,lidar_points,0.0,0.4851,1
000049,12,Car,14.502,corners3d,0.0,0.669,1
000049,12,Car,14.502,lidar_points,0.0,0.7134,1
000049,13,Car,19.081,corners3d,0.0,0.9775,1
000049,13,Car,19.081,lidar_points,0.0,0.6438,1
000049,14,Car,35.705,corners3d,0.0,0.9709,1
000049,14,Car,35.705,lidar_points,0.0,0.0094,1
000049,15,Car,23.255,corners3d,0.0,0.9771,1
000049,15,Car,23.255,lidar_points,0.0,0.0676,1
000049,16,Van,35.616,corners3d,0.0,0.9745,1
000049,16,Van,35.616,lidar_points,0.0,0.4615,1
000049,17,Car,22.432,corners3d,0.0,0.9374,1
000049,17,Car,22.432,lidar_points,0.0,0.4431,1
000049,0,Car,21.608,corners3d,0.5,0.8105,1
000049,0,Car,21.608,lidar_points,0.5,0.723,1
000049,1,Car,14.432,corners3d,0.5,0.904,1
000049,1,Car,14.432,lidar_points,0.5,0.8308,1
000049,2,Car,22.345,corners3d,0.5,0.8642,1
000049,2,Car,22.345,lidar_points,0.5,0.5166,1
000049,3,Car,25.245,corners3d,0.5,0.8545,1
000049,3,Car,25.245,lidar_points,0.5,0.5401,1
000049,4,Car,32.809,corners3d,0.5,0.8251,1
000049,4,Car,32.809,lidar_points,0.5,0.0886,1
000049,5,Van,45.879,corners3d,0.5,0.8124,1
000049,5,Van,45.879,lidar_points,0.5,0.7265,1
000049,6,Pedestrian,5.708,corners3d,0.5,0.0145,1
000049,6,Pedestrian,5.708,lidar_points,0.5,0.7432,1
000049,7,Car,10.53,corners3d,0.5,0.9336,1
000049,7,Car,10.53,lidar_points,0.5,0.783,1
000049,8,Car,15.531,corners3d,0.5,0.893,1
000049,8,Car,15.531,lidar_points,0.5,0.7133,1
000049,9,Car,20.711,corners3d,0.5,0.8567,1
000049,9,Car,20.711,lidar_points,0.5,0.8046,1
000049,10,Pedestrian,32.831,corners3d,0.5,0.3544,1
000049,10,Pedestrian,32.831,lidar_points,0.5,0.2658,1
000049,11,Car,33.287,corners3d,0.5,0.8588,1
000049,11,Car,33.287,lidar_points,0.5,0.4811,1
000049,12,Car,14.502,corners3d,0.5,0.6734,1
000049,12,Car,14.502,lidar_points,0.5,0.7267,1
000049,13,Car,19.081,corners3d,0.5,0.8824,1
000049,13,Car,19.081,lidar_points,0.5,0.6518,1
000049,14,Car,35.705,corners3d,0.5,0.6814,1
000049,14,Car,35.705,lidar_points,0.5,0.0094,1
000049,15,Car,23.255,corners3d,0.5,0.8325,1
000049,15,Car,23.255,lidar_points,0.5,0.0682,1
000049,16,Van,35.616,corners3d,0.5,0.8873,1
000049,16,Van,35.616,lidar_points,0.5,0.437,1
000049,17,Car,22.432,corners3d,0.5,0.4359,1
000049,17,Car,22.432,lidar_points,0.5,0.4322,1
000049,0,Car,21.608,corners3d,1.0,0.6549,1
000049,0,Car,21.608,lidar_points,1.0,0.5863,1
000049,1,Car,14.432,corners3d,1.0,0.8364,1
000049,1,Car,14.432,lidar_points,1.0,0.7726,1
000049,2,Car,22.345,corners3d,1.0,0.7579,1
000049,2,Car,22.345,lidar_points,1.0,0.519,1
000049,3,Car,25.245,corners3d,1.0,0.7487,1
000049,3,Car,25.245,lidar_points,1.0,0.5424,1
000049,4,Car,32.809,corners3d,1.0,0.7024,1
000049,4,Car,32.809,lidar_points,1.0,0.0889,1
000049,5,Van,45.879,corners3d,1.0,0.6748,1
000049,5,Van,45.879,lidar_points,1.0,0.6187,1
000049,6,Pedestrian,5.708,corners3d,1.0,0.0143,1
000049,6,Pedestrian,5.708,lidar_points,1.0,0.6588,1
000049,7,Car,10.53,corners3d,1.0,0.8801,1
000049,7,Car,10.53,lidar_points,1.0,0.7335,1
000049,8,Car,15.531,corners3d,1.0,0.8044,1
000049,8,Car,15.531,lidar_points,1.0,0.6369,1
000049,9,Car,20.711,corners3d,1.0,0.7446,1
000049,9,Car,20.711,lidar_points,1.0,0.6967,1
000049,10,Pedestrian,32.831,corners3d,1.0,0.1096,1
000049,10,Pedestrian,32.831,lidar_points,1.0,0.0239,1
000049,11,Car,33.287,corners3d,1.0,0.7509,1
000049,11,Car,33.287,lidar_points,1.0,0.4772,1
000049,12,Car,14.502,corners3d,1.0,0.6779,1
000049,12,Car,14.502,lidar_points,1.0,0.7405,1
000049,13,Car,19.081,corners3d,1.0,0.789,1
000049,13,Car,19.081,lidar_points,1.0,0.6602,1
000049,14,Car,35.705,corners3d,1.0,0.4639,1
000049,14,Car,35.705,lidar_points,1.0,0.0093,1
000049,15,Car,23.255,corners3d,1.0,0.7052,1
000049,15,Car,23.255,lidar_points,1.0,0.0689,1
000049,16,Van,35.616,corners3d,1.0,0.801,1
000049,16,Van,35.616,lidar_points,1.0,0.4005,1
000049,17,Car,22.432,corners3d,1.0,0.4448,1
000049,17,Car,22.432,lidar_points,1.0,0.3806,1
000049,0,Car,21.608,corners3d,2.0,0.4126,1
000049,0,Car,21.608,lidar_points,2.0,0.3691,1
000049,1,Car,14.432,corners3d,2.0,0.715,1
000049,1,Car,14.432,lidar_points,2.0,0.6661,1
000049,2,Car,22.345,corners3d,2.0,0.5788,1
000049,2,Car,22.345,lidar_points,2.0,0.5243,1
000049,3,Car,25.245,corners3d,2.0,0.5706,1
000049,3,Car,25.245,lidar_points,2.0,0.5474,1
000049,4,Car,32.809,corners3d,2.0,0.502,1
000049,4,Car,32.809,lidar_points,2.0,0.0895,1
000049,5,Van,45.879,corners3d,2.0,0.455,1
000049,5,Van,45.879,lidar_points,2.0,0.4113,1
000049,6,Pedestrian,5.708,corners3d,2.0,0.0122,1
000049,6,Pedestrian,5.708,lidar_points,2.0,0.5096,1
000049,7,Car,10.53,corners3d,2.0,0.7739,1
000049,7,Car,10.53,lidar_points,2.0,0.6431,1
000049,8,Car,15.531,corners3d,2.0,0.6493,1
000049,8,Car,15.531,lidar_points,2.0,0.5037,1
000049,9,Car,20.711,corners3d,2.0,0.5568,1
000049,9,Car,20.711,lidar_points,2.0,0.5162,1
000049,10,Pedestrian,32.831,corners3d,2.0,0.0,1
000049,10,Pedestrian,32.831,lidar_points,2.0,0.0,1
000049,11,Car,33.287,corners3d,2.0,0.5694,1
000049,11,Car,33.287,lidar_points,2.0,0.4676,1
000049,12,Car,14.502,corners3d,2.0,0.6863,1
000049,12,Car,14.502,lidar_points,2.0,0.7159,1
000049,13,Car,19.081,corners3d,2.0,0.6286,1
000049,13,Car,19.081,lidar_points,2.0,0.6724,1
000049,14,Car,35.705,corners3d,2.0,0.1644,1
000049,14,Car,35.705,lidar_points,2.0,0.0093,1
000049,15,Car,23.255,corners3d,2.0,0.4988,1
000049,15,Car,23.255,lidar_points,2.0,0.0704,1
000049,16,Van,35.616,corners3d,2.0,0.6509,1
000049,16,Van,35.616,lidar_points,2.0,0.3338,1
000049,17,Car,22.432,corners3d,2.0,0.4637,1
000049,17,Car,22.432,lidar_points,2.0,0.16,1
000049,0,Car,21.608,corners3d,3.0,0.2331,1
000049,0,Car,21.608,lidar_points,3.0,0.2042,1
000049,1,Car,14.432,corners3d,3.0,0.6093,1
000049,1,Car,14.432,lidar_points,3.0,0.5713,1
000049,2,Car,22.345,corners3d,3.0,0.4339,1
000049,2,Car,22.345,lidar_points,3.0,0.4979,1
000049,3,Car,25.245,corners3d,3.0,0.4265,1
000049,3,Car,25.245,lidar_points,3.0,0.4825,1
000049,4,Car,32.809,corners3d,3.0,0.3451,1
000049,4,Car,32.809,lidar_points,3.0,0.0901,1
000049,5,Van,45.879,corners3d,3.0,0.2873,1
000049,5,Van,45.879,lidar_points,3.0,0.2508,1
000049,6,Pedestrian,5.708,corners3d,3.0,0.0103,1
000049,6,Pedestrian,5.708,lidar_points,3.0,0.3851,1
000049,7,Car,10.53,corners3d,3.0,0.6779,1
000049,7,Car,10.53,lidar_points,3.0,0.5627,1
000049,8,Car,15.531,corners3d,3.0,0.5173,1
000049,8,Car,15.531,lidar_points,3.0,0.3914,1
000049,9,Car,20.711,corners3d,3.0,0.4058,1
000049,9,Car,20.711,lidar_points,3.0,0.3711,1
000049,10,Pedestrian,32.831,corners3d,3.0,0.0,1
000049,10,Pedestrian,32.831,lidar_points,3.0,0.0,1
000049,11,Car,33.287,corners3d,3.0,0.4228,1
000049,11,Car,33.287,lidar_points,3.0,0.3281,1
000049,12,Car,14.502,corners3d,3.0,0.6941,1
000049,12,Car,14.502,lidar_points,3.0,0.665,1
000049,13,Car,19.081,corners3d,3.0,0.496,1
000049,13,Car,19.081,lidar_points,3.0,0.5316,1
000049,14,Car,35.705,corners3d,3.0,0.0,1
000049,14,Car,35.705,lidar_points,3.0,0.0,1
000049,15,Car,23.255,corners3d,3.0,0.3388,1
000049,15,Car,23.255,lidar_points,3.0,0.0689,1
000049,16,Van,35.616,corners3d,3.0,0.5249,1
000049,16,Van,35.616,lidar_points,3.0,0.2744,1
000049,17,Car,22.432,corners3d,3.0,0.0,0
000049,17,Car,22.432,lidar_points,3.0,0.048,1
000061,0,Van,18.859,corners3d,0.0,0.5393,1
000061,0,Van,18.859,lidar_points,0.0,0.8086,1
000061,1,Car,14.806,corners3d,0.0,0.2978,1
000061,1,Car,14.806,lidar_points,0.0,0.6896,1
000061,2,Car,41.064,corners3d,0.0,0.9727,1
000061,2,Car,41.064,lidar_points,0.0,0.1235,1
000061,3,Car,21.306,corners3d,0.0,0.7957,1
000061,3,Car,21.306,lidar_points,0.0,0.5325,1
000061,5,Van,43.673,corners3d,0.0,0.9668,1
000061,5,Van,43.673,lidar_points,0.0,0.0193,1
000061,0,Van,18.859,corners3d,0.5,0.9401,1
000061,0,Van,18.859,lidar_points,0.5,0.7756,1
000061,1,Car,14.806,corners3d,0.5,0.3079,1
000061,1,Car,14.806,lidar_points,0.5,0.4955,1
000061,2,Car,41.064,corners3d,0.5,0.6146,1
000061,2,Car,41.064,lidar_points,0.5,0.126,1
000061,3,Car,21.306,corners3d,0.5,0.818,1
000061,3,Car,21.306,lidar_points,0.5,0.5438,1
000061,5,Van,43.673,corners3d,0.5,0.6777,1
000061,5,Van,43.673,lidar_points,0.5,0.016,1
000061,0,Van,18.859,corners3d,1.0,0.846,1
000061,0,Van,18.859,lidar_points,1.0,0.6954,1
000061,1,Car,14.806,corners3d,1.0,0.3132,1
000061,1,Car,14.806,lidar_points,1.0,0.2495,1
000061,2,Car,41.064,corners3d,1.0,0.3654,1
000061,2,Car,41.064,lidar_points,1.0,0.0906,1
000061,3,Car,21.306,corners3d,1.0,0.121,1
000061,3,Car,21.306,lidar_points,1.0,0.5221,1
000061,5,Van,43.673,corners3d,1.0,0.4502,1
000061,5,Van,43.673,lidar_points,1.0,0.012,1
000061,0,Van,18.859,corners3d,2.0,0.6822,1
000061,0,Van,18.859,lidar_points,2.0,0.5569,1
000061,1,Car,14.806,corners3d,2.0,0.0,0
000061,1,Car,14.806,lidar_points,2.0,0.0,0
000061,2,Car,41.064,corners3d,2.0,0.0479,1
000061,2,Car,41.064,lidar_points,2.0,0.0,1
000061,3,Car,21.306,corners3d,2.0,0.1267,1
000061,3,Car,21.306,lidar_points,2.0,0.3738,1
000061,5,Van,43.673,corners3d,2.0,0.1423,1
000061,5,Van,43.673,lidar_points,2.0,0.0045,1
000061,0,Van,18.859,corners3d,3.0,0.541,1
000061,0,Van,18.859,lidar_points,3.0,0.4415,1
000061,1,Car,14.806,corners3d,3.0,0.0,0
000061,1,Car,14.806,lidar_points,3.0,0.0,0
000061,2,Car,41.064,corners3d,3.0,0.0,1
000061,2,Car,41.064,lidar_points,3.0,0.0,1
000061,3,Car,21.306,corners3d,3.0,0.132,1
000061,3,Car,21.306,lidar_points,3.0,0.1963,1
000061,5,Van,43.673,corners3d,3.0,0.0,1
000061,5,Van,43.673,lidar_points,3.0,0.0,1
