method,yaw_deg,n,mean_iou,median_iou,pct_iou_lt_0.7,pct_iou_ge_0.8
corners3d,0.0,113,0.8527,0.9668,14.16,75.22
corners3d,0.5,113,0.678,0.7503,45.13,36.28
corners3d,1.0,113,0.5211,0.5775,69.03,17.7
corners3d,2.0,113,0.3322,0.3341,88.5,0.88
corners3d,3.0,113,0.2266,0.1467,98.23,0.0
lidar_points,0.0,113,0.6077,0.6804,53.98,24.78
lidar_points,0.5,113,0.5307,0.5511,69.91,15.04
lidar_points,1.0,113,0.4371,0.4761,83.19,9.73
lidar_points,2.0,113,0.3099,0.2745,88.5,3.54
lidar_points,3.0,113,0.2324,0.1303,94.69,0.88
